,prices,address,links,bed,type,baths,sq_feet,Listing Agent Name,Listing Agent Contact,Listing Agent Company,Description,Key Word
0,"$3,100,000","32975 Stahl Ln, Bulverde, TX 78163",https://www.zillow.com/homedetails/32975-Stahl-Ln-Bulverde-TX-78163/70941556_zpid/,5, House,5,"5,638",Philip Becker,210-274-2774,"Becker Properties, LLC","Situated on 5.26 acres, this gated estate is private & serene. Passing through iron gates, rock entrance, the stamped drive & views of the home, you are captivated by its presence. The grand foyer sets the stage for this palatial property w/rotunda ceiling treatment, groin vault galleries, chandeliers, archways & views of the resort style pool. The lux kitchen has knotty alder cabinets & 42"" uppers adorned w/carved crown. There is a 48"" 8 burner range w/double convection ovens & 6' hand carved hood. The KitchenAid appliance package boasts 48"" refrigerator w/Ice machine & steel tub dishwasher. Dual islands, 1 of which is an imported one-of-a-kind w/carved details & bar seating are captivating. Moen faucets adorn the kitchen sinks. Golden Typhoon granite counters, tumbled travertine backsplash w/bronze medallions & knotty alder coffered ceiling complete the room. Adjacent is a wine bar w/Flemish glass doors, marble backsplash, wine fridge & pantry. Hand forged iron gates open to the formal dining. The custom quatrefoil ceiling & chandelier make for an elegant experience. The informal dining has 10' ceilings, crown, gold gilded rock crystal chandelier  & expansive windows. The owner's wing is a private retreat w/sitting room & access to the covered patio. It makes an impression w/13' ceilings & 9"" crown. The master boasts hand scraped wood floors, plenty of windows & an ornate carved wood & marble fireplace. The lavish bath is w/out compare, boasting groin-vault ceilings, crystal chandeliers & elaborate tile. There is a jetted tub, shower w/8"" rain & wall-mount shower heads, bench & Newport Brass fixtures. The faucets are adorned w/crystal handles, coordinating w/the crystal door hardware. His & Her vanities w/marble counters, a mirrored towel armoire & a makeup dressing table make it a pleasure to get ready. His & Hers closets boast islands w/marble counters, plenty of shelving & lighting. A guest bedroom is located on the 1st floor w/hand scraped floors, walk in closet & bath w/access to the patio. This bath has a shower w/bench, rain & a wall mount heads, frameless door, marble tiling & dual vanity. The multi-purpose utility features pull out bins, abundant storage, a desk & tumbled marble. The media room has impressive acoustics, exotic ceiling treatment & ambient lighting. There are 3 big bedrooms up, of which 2 adjoin onto a balcony overlooking the pool. 2 of the 3 feature 2 closets per room. A large bath w/6' jetted tub & shower w/rain & wall mount heads, frameless door & marble tile work adjoin those rooms. The 3 car garage has a walk in closet w/shelving. The grounds are an entertainer's paradise. The vast outdoor living is an oasis of tranquility, w/the extensive covered patios & flagstone surrounding the massive pool & spa. The covered patios have stained wood ceilings & many sitting areas. The custom pool features triple water fall, a cascading waterfall, sun shelf, 3 bubblers & mosaic glass tiles. The spa has room for 10. There is plenty of space to entertain in & around the pool house. The large living space features wood burning gas fireplace, a carved mantel & domed ceiling w/chandelier. The outdoor kitchen, w/knotty alder cabinetry, granite counters, range hood & bar is a fabulous area for dining alfresco. This kitchen features a 48"" gas range, refrigerator, dishwasher & sink. The gym overlooks the pool w/a bath appointed w/unique sink chest, matching mirror & chandelier. The grounds have landscape lighting & commercial irrigation system. There is a 2 story, 6,000 sqft metal building. The 50X100 slab has 3 overhead doors & pull through capability & concrete parking. There's a 2 story apartment/office space that is about 2,000 sqft. The lobby is open w/built-in desk & reception. There are 2 flex rooms w/walk in closets & full bath down. Upstairs is a kitchen w/SS appliances, dining area & 2 more flex rooms. Every detail of the home was masterfully crafted w/the highest quality materials. No expense has been spared",staging
1,"$466,000","519 Darlene Trl, Euless, TX 76039",https://www.zillow.com/homedetails/519-Darlene-Trl-Euless-TX-76039/66644156_zpid/,4, House,3,"2,529",Feras Rachid,,"Opendoor Brokerage, Llc","This Euless two-story home offers granite countertops, and a two-car garage. Home utilities may be turned off due to weather conditions.    This home has been virtually staged to illustrate its potential.",staging
2,"$300,000","7718 Wexford Grv, San Antonio, TX 78240",https://www.zillow.com/homedetails/7718-Wexford-Grv-San-Antonio-TX-78240/58247460_zpid/,3, Townhouse,2,"1,559",Feras Rachid,210-899-2881,Opendoor Brokerage LLC,This San Antonio one-story home offers a one-car garage. This home has been virtually staged to illustrate its potential.,staging
3,"$250,000","8030 Swindow Cir, Converse, TX 78109",https://www.zillow.com/homedetails/8030-Swindow-Cir-Converse-TX-78109/26439478_zpid/,3, House,2,"2,181",Feras Rachid,210-899-2881,Opendoor Brokerage LLC,This Converse one-story home offers a two-car garage. This home has been virtually staged to illustrate its potential.,staging
4,"$271,000","514 Equinox St, Crosby, TX 77532",https://www.zillow.com/homedetails/514-Equinox-St-Crosby-TX-77532/28186210_zpid/,4, House,3,"2,840",Feras Rachid,855-327-9361,"Opendoor Brokerage, LLC","This Crosby one-story home offers granite countertops, and a two-car garage.    This home has been virtually staged to illustrate its potential.",staging
5,"$333,000","2030 Broken Oak St, San Antonio, TX 78232",https://www.zillow.com/homedetails/2030-Broken-Oak-St-San-Antonio-TX-78232/26377366_zpid/,3, House,3,"2,064",Feras Rachid,210-899-2881,Opendoor Brokerage LLC,"This San Antonio two-story home offers a patio, and a two-car garage. This home has been virtually staged to illustrate its potential.",staging
6,"$225,000","13623 Primwood St, San Antonio, TX 78233",https://www.zillow.com/homedetails/13623-Primwood-St-San-Antonio-TX-78233/26380794_zpid/,2, House,3,"1,362",Feras Rachid,210-899-2881,Opendoor Brokerage LLC,"This San Antonio two-story home offers granite countertops, and a two-car garage. This home has been virtually staged to illustrate its potential.",staging
7,"$430,000","26807 Cobble Meadow Ct, Cypress, TX 77433",https://www.zillow.com/homedetails/26807-Cobble-Meadow-Ct-Cypress-TX-77433/80587589_zpid/,4, House,3,"2,861",Zaynah Munoz,832-330-6936,RORECO,"Welcome home to 26807 Cobble Meadow Ct! This FULLY REMODELED one story home embraces modern luxury in the highly sought after Cypress Creek Lakes. With 4 bedrooms 3 bathrooms, a media/game room and over $120K worth of custom upgrades- this is a MUST SEE. You'll love all of the incredible features this home has to offer including a gorgeous primary retreat, oversized illuminated walk-in shower with double shower heads, separate vanities with fog free 3 stage lighting, and customized closet shelving system. You'll find 2 spacious bedrooms IN ADDITION TO the front bedroom boasting a modern ensuite. The currently presented media room could easily be used as a 5th bedroom or game room. The backyard is perfect for entertaining complete with a custom built pergola with bright lighting and swift ceiling fans! A BRAND NEW ROOF (rep. Nov 2020) joins the extensive list of upgrades to reveal your dream home- all zoned to the best CFISD schools! Schedule your showing today!",staging
8,"$362,000","16615 Torrington Ct, Spring, TX 77379",https://www.zillow.com/homedetails/16615-Torrington-Ct-Spring-TX-77379/28380296_zpid/,4, House,3,"2,896",Feras Rachid,855-327-9361,"Opendoor Brokerage, LLC","This Spring two-story cul-de-sac home offers granite countertops, and a two-car garage.    This home has been virtually staged to illustrate its potential.",staging
9,"$293,000","3923 Midforest Dr, Houston, TX 77068",https://www.zillow.com/homedetails/3923-Midforest-Dr-Houston-TX-77068/28154918_zpid/,4, House,3,"2,634",Feras Rachid,855-327-9361,"Opendoor Brokerage, LLC",This Houston one-story home offers a three-car garage.  This home has been virtually staged to illustrate its potential.,staging
10,"$430,000","3120 Grant St, McKinney, TX 75071",https://www.zillow.com/homedetails/3120-Grant-St-McKinney-TX-75071/83746232_zpid/,4, House,3,"2,836",Feras Rachid,,"Opendoor Brokerage, Llc","This McKinney two-story home offers granite countertops, and a two-car garage.      This home has been virtually staged to show its potential.",staging
11,"$290,000","7623 Litchfield Ln, Spring, TX 77379",https://www.zillow.com/homedetails/7623-Litchfield-Ln-Spring-TX-77379/28205660_zpid/,4, House,3,"2,162",Feras Rachid,855-327-9361,"Opendoor Brokerage, LLC","This Spring two-story home offers a patio, granite countertops, and a two-car garage.    This home has been virtually staged to illustrate its potential.",staging
12,"$283,000","715 Marne Ln, Houston, TX 77090",https://www.zillow.com/homedetails/715-Marne-Ln-Houston-TX-77090/28181998_zpid/,4, House,2,"2,546",Feras Rachid,855-327-9361,"Opendoor Brokerage, LLC","This Houston two-story home offers an in-ground pool, a patio, and a two-car garage. This home has been virtually staged to illustrate its potential.",staging
13,"$177,000","200 E Baker St, Ennis, TX 75119",https://www.zillow.com/homedetails/200-E-Baker-St-Ennis-TX-75119/27351512_zpid/,2, House,1,"1,056",Feras Rachid,,"Opendoor Brokerage, Llc",This Ennis one-story corner home offers granite countertops. This home has been virtually staged to illustrate its potential.,staging
14,"$387,000","3217 Crimson Coast Dr, League City, TX 77573",https://www.zillow.com/homedetails/3217-Crimson-Coast-Dr-League-City-TX-77573/50445458_zpid/,4, House,2,"2,821",Feras Rachid,855-327-9361,"Opendoor Brokerage, LLC","This League City two-story home offers an in-ground pool, and a two-car garage.    This home has been virtually staged to illustrate its potential.",staging
15,"$227,000","4634 Kay Ann Dr, San Antonio, TX 78220",https://www.zillow.com/homedetails/4634-Kay-Ann-Dr-San-Antonio-TX-78220/26330016_zpid/,4, House,3,"2,130",Feras Rachid,210-899-2881,Opendoor Brokerage LLC,This San Antonio one-story corner home offers a two-car garage. This home has been virtually staged to illustrate its potential.,staging
16,"$246,000","8234 Phoenix Ave, Universal City, TX 78148",https://www.zillow.com/homedetails/8234-Phoenix-Ave-Universal-City-TX-78148/169013101_zpid/,3, House,2,"1,538",Feras Rachid,210-899-2881,Opendoor Brokerage LLC,"This Universal City one-story home offers an in-ground pool, and a two-car garage. This home has been virtually staged to illustrate its potential.",staging
17,"$280,000","740 Rutgers Dr, Lancaster, TX 75134",https://www.zillow.com/homedetails/740-Rutgers-Dr-Lancaster-TX-75134/27121187_zpid/,5, House,3,"2,352",Feras Rachid,,"Opendoor Brokerage, Llc","This charming 5 bedroom, 2.5 bathroom home is now on the market!  Lush green landscape surrounds this beautiful house.Don't miss this incredible opportunity. Call today!  This home has been virtually staged to illustrate its potential.",staging
18,"$365,000","4107 Ridgepoint Dr, Pearland, TX 77584",https://www.zillow.com/homedetails/4107-Ridgepoint-Dr-Pearland-TX-77584/26495104_zpid/,4, House,3,"2,426",Feras Rachid,855-327-9361,"Opendoor Brokerage, LLC","Your dream home is waiting just for you in Pearland!  The kitchen boasts generous counter space and a center island, making cooking and entertaining a delight. A luxurious primary suite, complete with a walk-in closet, and an en-suite bathroom with double sinks.  Don't wait! Make this beautiful home yours today. This home has been virtually staged to illustrate its potential.",staging
19,"$530,000","335 Stonewood St, San Antonio, TX 78216",https://www.zillow.com/homedetails/335-Stonewood-St-San-Antonio-TX-78216/26400966_zpid/,3, House,2,"2,500",Feras Rachid,210-899-2881,Opendoor Brokerage LLC,"This San Antonio one-story home offers quartz countertops, and a two-car garage. This home has been virtually staged to illustrate its potential.",staging
20,"$296,000","7728 Marfa Ave, Fort Worth, TX 76116",https://www.zillow.com/homedetails/7728-Marfa-Ave-Fort-Worth-TX-76116/29076031_zpid/,4, House,2,"1,880",Feras Rachid,,"Opendoor Brokerage, Llc","This Fort Worth one-story home offers a patio, and a two-car garage.  This home has been virtually staged to illustrate its potential.",staging
21,"$200,000","4410 Donalbain Dr, Spring, TX 77373",https://www.zillow.com/homedetails/4410-Donalbain-Dr-Spring-TX-77373/28164339_zpid/,3, House,2,"1,194",Feras Rachid,855-327-9361,"Opendoor Brokerage, LLC","Fantastic 3 bedroom home in sought after Houston location. The impeccable kitchen has beautiful updated counters with included appliances. Discover a bright interior w/ neutral tile floors and plush carpet in all the right places. The main bedroom boasts a private ensuite and a sizeable closet. Other bedrooms offer plush carpet, ceiling fans, and sizable closets. Relax with your favorite drink in the fenced in backyard with lush grass, and great potential for adding personal touches. Hurry to see it won't last long! This home has been virtually staged to illustrate its potential.",staging
22,"$240,000","8116 Laurel Bnd, San Antonio, TX 78250",https://www.zillow.com/homedetails/8116-Laurel-Bnd-San-Antonio-TX-78250/26455584_zpid/,3, House,2,"1,193",Feras Rachid,210-899-2881,Opendoor Brokerage LLC,"This charming 3 bedroom, 2 bathroom home is now on the market! You'll enjoy preparing meals in the gorgeous kitchen with sleek counters, tiled backsplash, stainless appliances, and beautiful spacious cabinetry. Entertaining is a breeze with this great floor plan complete with cozy fireplace. Relax with your favorite drink in the fenced in backyard with a patio, lush grass, and great potential for adding personal touches. Don't miss this incredible opportunity. Call today! This home has been virtually staged to illustrate its potential.",staging
23,"$340,000","15126 Vigil Vw, San Antonio, TX 78233",https://www.zillow.com/homedetails/15126-Vigil-Vw-San-Antonio-TX-78233/80035836_zpid/,3, House,3,"2,719",Feras Rachid,210-899-2881,Opendoor Brokerage LLC,"Welcome to this gorgeous neighborhood! Terrific 3 bedroom and 2.5 bath home with a 2 car garage.  Fully equipped eat-in kitchen includes updated counters, stylish tile back-splash, white cabinets, and stainless steel appliances. The main bedroom boasts a private ensuite with dual sinks.  Relax with your favorite drink in the fenced in backyard with a patio, lush grass, and great potential for adding personal touches.  Hurry, this won't last long! This home has been virtually staged to illustrate its potential.",staging
24,"$218,000","4914 Woodford St, Baytown, TX 77521",https://www.zillow.com/homedetails/4914-Woodford-St-Baytown-TX-77521/28440078_zpid/,3, House,2,"1,476",Feras Rachid,855-327-9361,"Opendoor Brokerage, LLC","This Baytown one-story home offers a patio, granite countertops, and a one-car garage.    This home has been virtually staged to illustrate its potential.",staging
25,"$375,000","6911 Washita Way, San Antonio, TX 78256",https://www.zillow.com/homedetails/6911-Washita-Way-San-Antonio-TX-78256/26476451_zpid/,3, House,3,"1,861",Feras Rachid,210-899-2881,Opendoor Brokerage LLC,This San Antonio two-story home offers a two-car garage. This home has been virtually staged to illustrate its potential.,staging
26,"$344,000","1227 Dominion Dr, Katy, TX 77450",https://www.zillow.com/homedetails/1227-Dominion-Dr-Katy-TX-77450/28251596_zpid/,4, House,3,"2,384",Feras Rachid,855-327-9361,"Opendoor Brokerage, LLC",This Katy two-story home offers a two-car garage. This home has been virtually staged to illustrate its potential.,staging
27,"$389,000","100 Bluet Ln, Castle Hills, TX 78213",https://www.zillow.com/homedetails/100-Bluet-Ln-Castle-Hills-TX-78213/26171197_zpid/,4, House,2,"2,238",Feras Rachid,210-899-2881,Opendoor Brokerage LLC,"This San Antonio one-story home offers a patio, granite countertops, and a one-car garage. This home has been virtually staged to illustrate its potential.",staging
28,"$345,000","4927 Cotter Lake Dr, Missouri City, TX 77459",https://www.zillow.com/homedetails/4927-Cotter-Lake-Dr-Missouri-City-TX-77459/27571934_zpid/,4, House,2,"2,272",Feras Rachid,855-327-9361,"Opendoor Brokerage, LLC",This Missouri City two-story cul-de-sac home offers a two-car garage.  This home has been virtually staged to illustrate its potential.,staging
29,"$250,000","7404 Radford Trl, San Antonio, TX 78244",https://www.zillow.com/homedetails/7404-Radford-Trl-San-Antonio-TX-78244/26189360_zpid/,4, House,2,"2,114",Feras Rachid,210-899-2881,Opendoor Brokerage LLC,"Your dream home is waiting just for you in San Antonio! The kitchen is equipped with updated countertops, tile backsplash, ample cabinets, a breakfast bar, and breakfast nook. Lighting, ceiling fans & fixtures throughout. The main bedroom boasts a private ensuite and walk-in closet. Other bedrooms offer plush carpet, ceiling fans, and sizable closets. Relax with your favorite drink in the fenced in backyard with a patio, lush grass, and great potential for adding personal touches. Call today! This home has been virtually staged to illustrate its potential.",staging
30,"$570,000","7103 Oakridge Dr, San Antonio, TX 78229",https://www.zillow.com/homedetails/7103-Oakridge-Dr-San-Antonio-TX-78229/26304039_zpid/,3, House,3,"3,341",Feras Rachid,210-899-2881,Opendoor Brokerage LLC,"Come see this charming 3 bedroom, 2 bathroom home now on the market! The impeccable kitchen has beautiful updated counters and stainless steel appliances. Flow into the living room featuring a cozy fireplace, perfect for entertaining. Relax with your favorite drink in the fenced in backyard with a patio, lush grass, and great potential for adding personal touches. Don't miss this incredible opportunity. Call today!  This home has been virtually staged to illustrate its potential.",staging
31,"$417,000","5928 Thoroughbred Trl, Denton, TX 76210",https://www.zillow.com/homedetails/5928-Thoroughbred-Trl-Denton-TX-76210/69687577_zpid/,5, House,4,"3,759",Feras Rachid,,"Opendoor Brokerage, Llc","This Denton two-story home offers a patio, and a two-car garage.    This home has been virtually staged to illustrate its potential.",staging
32,"$574,000","6301 Meadows West Dr, Fort Worth, TX 76132",https://www.zillow.com/homedetails/6301-Meadows-West-Dr-Fort-Worth-TX-76132/29273605_zpid/,4, House,4,"3,067",Feras Rachid,,"Opendoor Brokerage, Llc","This Fort Worth two-story home offers an in-ground pool, a patio, granite countertops, and a three-car garage. This home has been virtually staged to illustrate its potential.",staging
33,"$415,000","9303 Reston Grove Ln, Houston, TX 77095",https://www.zillow.com/homedetails/9303-Reston-Grove-Ln-Houston-TX-77095/58670529_zpid/,5, House,3,"3,254",Feras Rachid,855-327-9361,"Opendoor Brokerage, LLC","This Houston two-story home offers an in-ground pool, a patio, and a two-car garage. This home has been virtually staged to illustrate its potential.",staging
34,"$310,000","18706 Candlechase Dr, Spring, TX 77388",https://www.zillow.com/homedetails/18706-Candlechase-Dr-Spring-TX-77388/28253758_zpid/,4, House,3,"2,638",Feras Rachid,855-327-9361,"Opendoor Brokerage, LLC","This Spring two-story home offers granite countertops, and a two-car garage.This home has been virtually staged to illustrate its potential.",staging
35,"$192,000","904 Davie Lee Dr, Copperas Cove, TX 76522",https://www.zillow.com/homedetails/904-Davie-Lee-Dr-Copperas-Cove-TX-76522/78805761_zpid/,3, House,2,"1,638",Feras Rachid,254-249-5238,Opendoor Brokerage LLC,"Quaint 3 bedroom home in sought after Killeen location. The cute kitchen has beautiful updated counters and included appliances. Flow into the living room hosting a cozy fireplace, perfect for entertaining. Lush green landscape surrounds this beautiful house. Call today!  This home has been virtually staged to illustrate its potential.",staging
36,"$285,000","3414 Wheatstalk Ln, Pearland, TX 77581",https://www.zillow.com/homedetails/3414-Wheatstalk-Ln-Pearland-TX-77581/54257449_zpid/,3, House,2,"1,552",Feras Rachid,855-327-9361,"Opendoor Brokerage, LLC","This Pearland one-story corner home offers a patio, granite countertops, and a two-car garage.    This home has been virtually staged to illustrate its potential.",staging
37,"$550,000","5603 Valley Country Ln, Sugar Land, TX 77479",https://www.zillow.com/homedetails/5603-Valley-Country-Ln-Sugar-Land-TX-77479/89631500_zpid/,4, House,4,"3,386",Feras Rachid,855-327-9361,"Opendoor Brokerage, LLC","This Sugar Land two-story home offers a patio, granite countertops, and a two-car garage. This home has been virtually staged to illustrate its potential.",staging
38,"$263,000","1614 Leafhopper Ln, Conroe, TX 77301",https://www.zillow.com/homedetails/1614-Leafhopper-Ln-Conroe-TX-77301/89813904_zpid/,4, House,2,"1,824",Feras Rachid,855-327-9361,"Opendoor Brokerage, LLC","Fantastic 4 bedroom home in sought after Conroe location.  Enjoy cooking in this stylish kitchen with black appliances and a center island, great for food preparation. Primary bathroom features a separate tub and shower.  Bedrooms offer plush carpet, ceiling fans, and sizable closets.  Lush green landscape surrounds this beautiful house.  Don't wait! Make this beautiful home yours today.    This home has been virtually staged to illustrate its potential.",staging
39,"$270,000","6039 Ridge Field St, San Antonio, TX 78250",https://www.zillow.com/homedetails/6039-Ridge-Field-St-San-Antonio-TX-78250/26455235_zpid/,3, House,2,"1,940",Feras Rachid,210-899-2881,Opendoor Brokerage LLC,"This charming 3 bedroom, 2 bathroom home is now on the market!  Lush green landscape surrounds this beautiful house.  Don't miss this incredible opportunity. Call today! This home has been virtually staged to illustrate its potential.",staging
40,"$1,340,000","3850 Running River Ln, Washington, TX 77880",https://www.zillow.com/homedetails/3850-Running-River-Ln-Washington-TX-77880/228439924_zpid/,5, House,4,"3,447",Marie Dougherty,936-520-6521,God's Country Realty B/V,"A beautiful stone entry with coded gate welcomes you to your country home retreat on 27.7 rolling acres in peaceful Doe Run. This home features an open floor plan with 3 bedrooms down, double sided gas log fireplace & high ceilings. The kitchen is a chefs dream with stainless appliances, granite countertops, center island with 2nd sink and attached pecan wood bar with a live edge. Numerous custom cabinets all open to the living room. Many of the wood accents and trim pieces came from trees taken from the property. Outside you will find a hot tub on the covered back porch, 4+ stall barn with feed room & climate control tack room, 3 loafing sheds, 4 large pastures, 3 smaller pastures, a creek and pond. There is also a large workshop with climate controlled storage & a stage. When not using the workshop for entertaining you can store your tractor or outside toys. The property has 2 water wells.",staging
41,"$225,000","3534 Spanish Acorn Ln, Spring, TX 77389",https://www.zillow.com/homedetails/3534-Spanish-Acorn-Ln-Spring-TX-77389/28243126_zpid/,3, House,2,"1,466",Feras Rachid,855-327-9361,"Opendoor Brokerage, LLC",This Spring one-story home offers a two-car garage. This home has been virtually staged to illustrate its potential.,staging
42,"$360,000","22403 Park Point Dr, Katy, TX 77450",https://www.zillow.com/homedetails/22403-Park-Point-Dr-Katy-TX-77450/28440752_zpid/,4, House,3,"2,562",Feras Rachid,855-327-9361,"Opendoor Brokerage, LLC",This Katy two-story home offers a two-car garage. This home has been virtually staged to illustrate its potential.,staging
43,"$152,000","5608 Avenue K, Galveston, TX 77551",https://www.zillow.com/homedetails/5608-Avenue-K-Galveston-TX-77551/27648324_zpid/,2, House,1,670,Feras Rachid,855-327-9361,"Opendoor Brokerage, LLC",This Galveston one-story home offers granite countertops. This home has been virtually staged to illustrate its potential.,staging
44,"$407,000","3171 Lockmoor Ln, Dallas, TX 75220",https://www.zillow.com/homedetails/3171-Lockmoor-Ln-Dallas-TX-75220/26810267_zpid/,4, House,2,"2,370",Feras Rachid,,"Opendoor Brokerage, Llc","This Dallas one-story home offers granite countertops, and a two-car garage. This home has been virtually staged to illustrate its potential.",staging
45,"$187,000","4302 Howcher St, Houston, TX 77047",https://www.zillow.com/homedetails/4302-Howcher-St-Houston-TX-77047/28028974_zpid/,5, House,3,"1,794",Feras Rachid,855-327-9361,"Opendoor Brokerage, LLC",This Houston home has one story.  This home has been virtually staged to illustrate its potential.,staging
46,"$155,000","1103 Dulles Ave APT 803, Stafford, TX 77477",https://www.zillow.com/homedetails/1103-Dulles-Ave-APT-803-Stafford-TX-77477/54639711_zpid/,2, Condo,2,"1,097",Wanda Pearson,832-704-2492,Keller Williams Realty -SW,"Ultramodern gem located in a very intimate and gated community. This recently upgraded condo features wood plank flooring, granite countertops, fresh paint, updated bathrooms with adorable vanities,"" like new"" flooring and a wood burning fireplace. Very recent HVAC. You will find yourself minutes from Sugar Land eateries, shopping and medical facilities, in the highly desired city of Stafford! Easy access to Hwy 59/69 and US 90.  Some photos have been virtually staged to illustrate the potential of this beautiful condo.",staging
47,"$286,000","7022 Raintree Frst, San Antonio, TX 78233",https://www.zillow.com/homedetails/7022-Raintree-Frst-San-Antonio-TX-78233/26386863_zpid/,3, House,2,"2,340",Feras Rachid,210-899-2881,Opendoor Brokerage LLC,"This San Antonio two-story home offers a patio, and granite countertops. This home has been virtually staged to illustrate its potential.",staging
48,"$283,000","1706 Lone Eagle Cir, Crosby, TX 77532",https://www.zillow.com/homedetails/1706-Lone-Eagle-Cir-Crosby-TX-77532/28121344_zpid/,3, House,2,"1,781",Feras Rachid,855-327-9361,"Opendoor Brokerage, LLC","This Crosby one-story cul-de-sac home offers an in-ground pool, and a two-car garage.    This home has been virtually staged to illustrate its potential.",staging
49,"$320,000","1201 Gibbons Ct, Rosenberg, TX 77471",https://www.zillow.com/homedetails/1201-Gibbons-Ct-Rosenberg-TX-77471/82704262_zpid/,5, House,3,"3,140",Feras Rachid,855-327-9361,"Opendoor Brokerage, LLC",This Rosenberg two-story home offers a two-car garage.    This home has been virtually staged to illustrate its potential.,staging
50,"$351,000","830 Valley View Dr, Grand Prairie, TX 75050",https://www.zillow.com/homedetails/830-Valley-View-Dr-Grand-Prairie-TX-75050/27080523_zpid/,4, House,3,"2,577",Feras Rachid,,"Opendoor Brokerage, Llc",This Grand Prairie one-story home offers granite countertops.    This home has been virtually staged to show its potential.,staging
51,"$474,000","3514 Indian Summer Ln, Arlington, TX 76016",https://www.zillow.com/homedetails/3514-Indian-Summer-Ln-Arlington-TX-76016/29268503_zpid/,5, House,3,"3,405",Feras Rachid,,"Opendoor Brokerage, Llc","This Arlington two-story home offers granite countertops, and a two-car garage. Home utilities may be turned off due to weather conditions. This home has been virtually staged to illustrate its potential.",staging
52,"$317,000","14018 Stardust Ln, Houston, TX 77041",https://www.zillow.com/homedetails/14018-Stardust-Ln-Houston-TX-77041/28538424_zpid/,3, House,3,"2,681",Feras Rachid,855-327-9361,"Opendoor Brokerage, LLC","This charming 3 bedroom, 2.5 bathroom home is now on the market! The kitchen boasts generous counter space and a breakfast bar, making cooking and entertaining a delight. Flow into the living room hosting a cozy fireplace, perfect for entertaining. The main bedroom boasts a private ensuite with dual sinks and walk-in closet. Other bedrooms offer plush carpet, ceiling fans, and sizable closets. Entertain on the covered back patio, perfect for barbecues. Don't wait! Make this beautiful home yours today! This home has been virtually staged to illustrate its potential.",staging
53,"$290,000","12030 Meadowhollow Dr, Meadows Place, TX 77477",https://www.zillow.com/homedetails/12030-Meadowhollow-Dr-Meadows-Place-TX-77477/27576245_zpid/,4, House,2,"2,110",Feras Rachid,855-327-9361,"Opendoor Brokerage, LLC","This Meadows Place two-story home offers a patio, granite countertops, and a two-car garage.  This home has been virtually staged to illustrate its potential.",staging
54,"$222,000","9720 Valley Crst, San Antonio, TX 78250",https://www.zillow.com/homedetails/9720-Valley-Crst-San-Antonio-TX-78250/26459623_zpid/,3, House,2,"1,216",Feras Rachid,210-899-2881,Opendoor Brokerage LLC,"This charming 3 bedroom, 2.5 bathroom home is now on the market! You will enjoy preparing meals in the gorgeous kitchen with sleek counters, tiled backsplash, stainless appliances and beautiful spacious cabinetry. Entertaining is a breeze with this great floor plan complete with cozy fireplace. Relax in your primary suite, complete with a sizable closet, and an en suite bathroom. Relax with your favorite drink in the fenced in backyard with a patio, lush grass, and great potential for adding personal touches. Hurry to see it won't last long!    ""This home has been virtually staged to illustrate its potential""",staging
55,"$355,000","8706 Birch Springs Dr, Houston, TX 77095",https://www.zillow.com/homedetails/8706-Birch-Springs-Dr-Houston-TX-77095/84014527_zpid/,4, House,3,"2,671",Feras Rachid,855-327-9361,"Opendoor Brokerage, LLC","This Houston two-story home offers granite countertops, and a two-car garage. This home has been virtually staged to illustrate its potential.",staging
56,"$222,000","1611 Avenue J, Danbury, TX 77534",https://www.zillow.com/homedetails/1611-Avenue-J-Danbury-TX-77534/70282954_zpid/,3, House,2,"2,405",Feras Rachid,855-327-9361,"Opendoor Brokerage, LLC",This Danbury one-story home offers a two-car garage.    This home has been virtually staged to illustrate its potential.,staging
57,"$243,000","12118 Ridge Court St, San Antonio, TX 78247",https://www.zillow.com/homedetails/12118-Ridge-Court-St-San-Antonio-TX-78247/26416781_zpid/,3, House,2,"1,206",Feras Rachid,210-899-2881,Opendoor Brokerage LLC,"Welcome to this gorgeous neighborhood! Terrific 3 bedroom and 2 bath home with a 2 car garage. The kitchen boasts generous counter space and a breakfast bar, making cooking and entertaining a delight. Entertaining is a breeze with this great floor plan complete with cozy fireplace. The main bedroom boasts a private ensuite and walk-in closet. Other bedrooms offer plush carpet, ceiling fans, and sizable closets. Relax with your favorite drink in the fenced in backyard with a patio, lush grass, and great potential for adding personal touches. Hurry, this won't last long! This home has been virtually staged to illustrate its potential.",staging
58,"$340,000","201 Laura Dr, Burleson, TX 76028",https://www.zillow.com/homedetails/201-Laura-Dr-Burleson-TX-76028/28628720_zpid/,3, House,2,"2,119",Feras Rachid,,"Opendoor Brokerage, Llc",This Burleson one-story home offers a two-car garage.      This home has been virtually staged to show its potential.,staging
59,"$280,000","2314 Heritage Bend Ct, Webster, TX 77598",https://www.zillow.com/homedetails/2314-Heritage-Bend-Ct-Webster-TX-77598/28292878_zpid/,3, House,2,"1,629",Feras Rachid,855-327-9361,"Opendoor Brokerage, LLC","This Webster one-story home offers an in-ground pool, and a two-car garage. This home has been virtually staged to illustrate its potential.",staging
60,"$144,000","302 Whitman Ave, San Antonio, TX 78211",https://www.zillow.com/homedetails/302-Whitman-Ave-San-Antonio-TX-78211/26236409_zpid/,2, House,2,672,Feras Rachid,210-899-2881,Opendoor Brokerage LLC,"Quaint 2 bedroom home in sought after San Antonio location. The kitchen has beautiful counters. Lighting, ceiling fans & fixtures throughout. Lush green landscape surrounds this quaint house. Call today! This home has been virtually staged to illustrate its potential.",staging
61,"$377,000","7 Easy St, Hickory Creek, TX 75065",https://www.zillow.com/homedetails/7-Easy-St-Hickory-Creek-TX-75065/54022216_zpid/,3, House,3,"2,208",Feras Rachid,,"Opendoor Brokerage, Llc","This Lake Dallas one-story home offers an in-ground pool, and a two-car garage.  This home has been virtually staged to illustrate its potential.",staging
62,"$537,000","3735 Hundred Oaks Dr, San Antonio, TX 78217",https://www.zillow.com/homedetails/3735-Hundred-Oaks-Dr-San-Antonio-TX-78217/26326506_zpid/,3, House,2,"3,298",Feras Rachid,210-899-2881,Opendoor Brokerage LLC,"This San Antonio one-story home offers an in-ground pool, granite countertops, and a two-car garage.    This home has been virtually staged to illustrate its potential",staging
63,"$210,000","13539 Bret Harte St, San Antonio, TX 78217",https://www.zillow.com/homedetails/13539-Bret-Harte-St-San-Antonio-TX-78217/26341769_zpid/,3, House,2,929,Feras Rachid,210-899-2881,Opendoor Brokerage LLC,"This San Antonio one-story home offers a patio, granite countertops, and a one-car garage.    This home has been virtually staged to illustrate its potential.",staging
64,"$263,000","19742 River Brook Ct, Humble, TX 77346",https://www.zillow.com/homedetails/19742-River-Brook-Ct-Humble-TX-77346/28365417_zpid/,4, House,3,"2,050",Feras Rachid,855-327-9361,"Opendoor Brokerage, LLC","This Humble one-story cul-de-sac home offers granite countertops, and a two-car garage. This home has been virtually staged to illustrate its potential.",staging
65,"$251,000","11606 Breezy Knoll Dr, Houston, TX 77064",https://www.zillow.com/homedetails/11606-Breezy-Knoll-Dr-Houston-TX-77064/28284381_zpid/,3, House,2,"1,625",Feras Rachid,855-327-9361,"Opendoor Brokerage, LLC","This Houston one-story home offers granite countertops, and a two-car garage. This home has been virtually staged to illustrate its potential.",staging
66,"$252,000","2424 Shadybend Dr, Pearland, TX 77581",https://www.zillow.com/homedetails/2424-Shadybend-Dr-Pearland-TX-77581/26527125_zpid/,3, House,2,"1,410",Feras Rachid,855-327-9361,"Opendoor Brokerage, LLC",This Pearland one-story home offers a two-car garage.    This home has been virtually staged to illustrate its potential.,staging
67,"$300,000","4317 Upland Way, Garland, TX 75042",https://www.zillow.com/homedetails/4317-Upland-Way-Garland-TX-75042/27048426_zpid/,3, House,2,"1,714",Feras Rachid,,"Opendoor Brokerage, Llc",This Garland one-story home offers a two-car garage.    This home has been virtually staged to show its potential.,staging
68,"$350,000","1719 Antigua Ln, Houston, TX 77058",https://www.zillow.com/homedetails/1719-Antigua-Ln-Houston-TX-77058/28121978_zpid/,4, House,2,"1,971",Feras Rachid,855-327-9361,"Opendoor Brokerage, LLC","This Houston one-story home offers an in-ground pool, a patio, and a two-car garage. This home has been virtually staged to illustrate its potential.",staging
69,"$246,000","4518 Albatross Dr, Seabrook, TX 77586",https://www.zillow.com/homedetails/4518-Albatross-Dr-Seabrook-TX-77586/28290660_zpid/,3, House,2,"1,515",Feras Rachid,855-327-9361,"Opendoor Brokerage, LLC","This Seabrook one-story home offers granite countertops, and a two-car garage.    This home has been virtually staged to illustrate its potential.",staging
70,"$248,000","13007 Sandhill Park Ln, Houston, TX 77044",https://www.zillow.com/homedetails/13007-Sandhill-Park-Ln-Houston-TX-77044/80531947_zpid/,3, House,2,"1,890",Feras Rachid,855-327-9361,"Opendoor Brokerage, LLC",This Houston two-story cul-de-sac home offers a two-car garage.    This home has been virtually staged to illustrate its potential.,staging
71,"$342,000","1230 Wildewood Ct, Sugar Land, TX 77479",https://www.zillow.com/homedetails/1230-Wildewood-Ct-Sugar-Land-TX-77479/27556927_zpid/,3, House,2,"2,254",Feras Rachid,855-327-9361,"Opendoor Brokerage, LLC","This Sugar Land one-story cul-de-sac home offers a patio, and a two-car garage.    This home has been virtually staged to illustrate its potential.",staging
72,"$224,000","9021 Oels St, White Settlement, TX 76108",https://www.zillow.com/homedetails/9021-Oels-St-White-Settlement-TX-76108/29072781_zpid/,3, House,2,"1,329",Feras Rachid,,"Opendoor Brokerage, Llc",This Fort Worth one-story home offers a three-car garage.    This home has been virtually staged to show its potential.,staging
73,"$250,000","3306 Hombly Rd, Houston, TX 77066",https://www.zillow.com/homedetails/3306-Hombly-Rd-Houston-TX-77066/28387544_zpid/,3, House,3,"2,093",Feras Rachid,855-327-9361,"Opendoor Brokerage, LLC","This Houston two-story cul-de-sac home offers a patio, granite countertops, and a two-car garage.    This home has been virtually staged to illustrate its potential.",staging
74,"$225,000","1205 Valentine St, Killeen, TX 76549",https://www.zillow.com/homedetails/1205-Valentine-St-Killeen-TX-76549/49539959_zpid/,4, House,2,"1,629",Shanell Watson,254-247-8227,Realty Executives of Killeen,"In this market it is hard to find a property that has a nice size piece of land.  This house is situated on a lot that is almost .5 acre.  The lot itself has plenty of room for your outdoor needs .  The house is Virtually Staged.  The kitchen is being remodeled and will be outfitted with new counter tops, new refrigerator , gas stove top, microwave, and dishwasher.  There is a nice outdoor entertainment space right outside the kitchen sliding doors that offer a lot of natural light.  All of the bedrooms are generous in size.  You will appreciate that the exterior was recently painted. This home is in the heart of the city. It is situated in the surrounding areas of schools, shopping centers, public transportation bus lines, banking institutions, and all the amenities you can easily access. Call today to set up your private showing. Due to COVID-19 - showing appts will only made with a prequal letter.",staging
75,"$410,000","1710 Ashford Hollow Ln, Houston, TX 77077",https://www.zillow.com/homedetails/1710-Ashford-Hollow-Ln-Houston-TX-77077/28143856_zpid/,4, House,3,"1,982",Feras Rachid,855-327-9361,"Opendoor Brokerage, LLC","Fantastic 4 bedroom home in sought after Houston location. Fully equipped eat-in kitchen includes updated counters, stylish tile back-splash, white cabinets, and breakfast bar. Enter to discover an appealing interior with a fireplace, tile floors throughout, plenty of natural light, and neutral palette. Relax in your primary suite, complete with a walk-in closet, and an en suite bathroom with double sinks. Relax with your favorite drink in the fenced in backyard with a patio, lush grass, and great potential for adding personal touches. Hurry to see it won't last long!    This home has been virtually staged to illustrate its potential.",staging
76,"$317,000","7205 Knight Dr, The Colony, TX 75056",https://www.zillow.com/homedetails/7205-Knight-Dr-The-Colony-TX-75056/27283567_zpid/,3, House,2,"1,711",Feras Rachid,,"Opendoor Brokerage, Llc","This The Colony one-story home offers granite countertops, and a two-car garage.    This home has been virtually staged to show its potential.",staging
77,"$297,000","4111 Cypress Lake Dr, Spring, TX 77388",https://www.zillow.com/homedetails/4111-Cypress-Lake-Dr-Spring-TX-77388/28173738_zpid/,4, House,3,"2,496",Feras Rachid,855-327-9361,"Opendoor Brokerage, LLC","This Spring two-story home offers a patio, granite countertops, and a two-car garage.  This home has been virtually staged to illustrate its potential.",staging
78,"$256,000","202 E Lloyd St, Krum, TX 76249",https://www.zillow.com/homedetails/202-E-Lloyd-St-Krum-TX-76249/54022035_zpid/,3, House,2,"1,520",Feras Rachid,,"Opendoor Brokerage, Llc",This Krum two-story cul-de-sac home offers a one-car garage.    This home has been virtually staged to show its potential.,staging
79,"$480,000","2505 Pepperidge Dr, Garland, TX 75044",https://www.zillow.com/homedetails/2505-Pepperidge-Dr-Garland-TX-75044/27038537_zpid/,4, House,3,"3,311",Feras Rachid,,"Opendoor Brokerage, Llc","Fantastic 4 bedroom home in a sought after Garland location. Step inside this beautiful interior with laminate floors throughout, plenty of natural light, and neutral palette. Lighting, ceiling fans, and fixtures throughout. Enjoy cooking in this stylish kitchen with generous counter space and a center island, great for food preparation. Flow into the living room featuring a cozy fireplace. The main bedroom boasts a private ensuite with dual sinks and separate tub and shower. Other bedrooms offer plush carpet, ceiling fans, and sizable closets. Lush green landscape surrounds this beautiful house. Don't wait! Make this beautiful home yours today. This home has been virtually staged to illustrate its potential.",staging
80,"$315,000","806 Oak Harbor Dr, Houston, TX 77062",https://www.zillow.com/homedetails/806-Oak-Harbor-Dr-Houston-TX-77062/28480937_zpid/,3, House,2,"2,047",Feras Rachid,855-327-9361,"Opendoor Brokerage, LLC","This Houston two-story home offers a patio, granite countertops, and a two-car garage.  This home has been virtually staged to illustrate its potential.",staging
81,"$350,000","10415 Springland Ct, Houston, TX 77065",https://www.zillow.com/homedetails/10415-Springland-Ct-Houston-TX-77065/28403471_zpid/,4, House,3,"2,770",Feras Rachid,855-327-9361,"Opendoor Brokerage, LLC","This Houston two-story cul-de-sac home offers a patio, and a two-car garage. This home has been virtually staged to illustrate its potential.",staging
82,"$430,000","10104 Laingtree Dr, Dallas, TX 75243",https://www.zillow.com/homedetails/10104-Laingtree-Dr-Dallas-TX-75243/26883142_zpid/,4, House,3,"2,288",Feras Rachid,,"Opendoor Brokerage, Llc","Welcome home! You wonâ€™t want to leave this stunning 4 bedroom and 3 bathroom house in Dallas, TX. Enjoy cooking in this stylish kitchen with stainless appliances and a center island, great for food preparation. Flow into the living room featuring a cozy fireplace, perfect for entertaining. The main bedroom boasts a private ensuite and walk-in closet. Other bedrooms offer plush carpet, ceiling fans and sizable closets. Step outside to your sparkling pool, host the next gathering here! Don't miss this incredible opportunity. Call today!    This home has been virtually staged to show its potential.",staging
83,"$210,000","639 Freiling, San Antonio, TX 78213",https://www.zillow.com/homedetails/639-Freiling-San-Antonio-TX-78213/26268951_zpid/,2, House,1,"1,651",Feras Rachid,210-899-2881,Opendoor Brokerage LLC,"This charming 2 bedroom, 1 bathroom home is now on the market!  The kitchen boasts generous counter space and a breakfast bar, making cooking and entertaining a delight.   Lush green landscape surrounds this beautiful house.  Hurry, this won't last long! This home has been virtually staged to illustrate its potential.",staging
84,"$315,000","606 Lochnell Dr, Houston, TX 77062",https://www.zillow.com/homedetails/606-Lochnell-Dr-Houston-TX-77062/28320018_zpid/,3, House,2,"2,091",Feras Rachid,855-327-9361,"Opendoor Brokerage, LLC",This Houston one-story home offers a two-car garage.    This home has been virtually staged to illustrate its potential.,staging
85,"$275,000","1206 Beaufort Sea Dr, Houston, TX 77067",https://www.zillow.com/homedetails/1206-Beaufort-Sea-Dr-Houston-TX-77067/68413335_zpid/,3, House,3,"2,407",Feras Rachid,855-327-9361,"Opendoor Brokerage, LLC","This Houston two-story home offers a patio, granite countertops, and a two-car garage. This home has been virtually staged to illustrate its potential.",staging
86,"$301,000","16410 Colts Bay, Selma, TX 78154",https://www.zillow.com/homedetails/16410-Colts-Bay-Selma-TX-78154/80039879_zpid/,3, House,3,"2,356",Feras Rachid,210-899-2881,Opendoor Brokerage LLC,"This charming 3 bedroom, 2 bathroom home is now on the market! The impeccable kitchen has beautiful updated counters and included appliances. Lighting, ceiling fans & fixtures throughout. Relax in your primary suite, complete with a sizable closet, and an en suite bathroom. Relax with your favorite drink in the fenced in backyard with a patio, lush grass, and great potential for adding personal touches. Don't wait! Make this beautiful home yours today!    This home has been virtually staged to show its potential.",staging
87,"$253,000","11610 Brookfalls Dr, Houston, TX 77070",https://www.zillow.com/homedetails/11610-Brookfalls-Dr-Houston-TX-77070/28275443_zpid/,3, House,2,"1,696",Feras Rachid,855-327-9361,"Opendoor Brokerage, LLC","This charming 3 bedroom, 2 bathroom home is now on the market!  Lush green landscape surrounds this beautiful house.  Don't wait! Make this beautiful home yours today. This home has been virtually staged to illustrate its potential.",staging
88,"$516,000","1102 Bridle Dr, Richardson, TX 75081",https://www.zillow.com/homedetails/1102-Bridle-Dr-Richardson-TX-75081/27160414_zpid/,5, House,3,"2,848",Feras Rachid,,"Opendoor Brokerage, Llc","This Richardson two-story home offers a patio, granite countertops, and a two-car garage. This home has been virtually staged to illustrate its potential.",staging
89,"$300,000","2323 Tall Ships Dr, Friendswood, TX 77546",https://www.zillow.com/homedetails/2323-Tall-Ships-Dr-Friendswood-TX-77546/28421010_zpid/,3, House,2,"1,641",Feras Rachid,855-327-9361,"Opendoor Brokerage, LLC","This Friendswood one-story home offers an in-ground pool, granite countertops, and a two-car garage. This home has been virtually staged to illustrate its potential.",staging
90,"$219,000","208 Freiling, San Antonio, TX 78213",https://www.zillow.com/homedetails/208-Freiling-San-Antonio-TX-78213/26262756_zpid/,3, House,1,"1,202",Feras Rachid,210-899-2881,Opendoor Brokerage LLC,"Fantastic 3 bedroom home in sought after San Antonio location. Fully equipped eat-in kitchen includes updated counters, stylish tile back-splash, white cabinets, and breakfast bar. Lighting, ceiling fans & fixtures throughout. Lush green landscape surrounds this beautiful house. Call today!    ""This home has been virtually staged to illustrate its potential""",staging
91,"$256,000","5646 Brandemere Dr, San Antonio, TX 78218",https://www.zillow.com/homedetails/5646-Brandemere-Dr-San-Antonio-TX-78218/26365222_zpid/,3, House,2,"1,540",Feras Rachid,210-899-2881,Opendoor Brokerage LLC,This San Antonio one-story home offers a patio. This home has been virtually staged to illustrate its potential.,staging
92,"$500,000","1006 Edison Ln, Allen, TX 75002",https://www.zillow.com/homedetails/1006-Edison-Ln-Allen-TX-75002/53092111_zpid/,4, House,3,"2,610",Feras Rachid,,"Opendoor Brokerage, Llc","This Allen two-story home offers granite countertops, and a two-car garage. This home has been virtually staged to illustrate its potential.",staging
93,"$280,000","3227 Sunbird Bay, San Antonio, TX 78245",https://www.zillow.com/homedetails/3227-Sunbird-Bay-San-Antonio-TX-78245/83985066_zpid/,3, House,2,"2,408",Feras Rachid,210-899-2881,Opendoor Brokerage LLC,"This San Antonio two-story corner home offers a patio, and a two-car garage. This home has been virtually staged to illustrate its potential.",staging
94,"$260,000","1609 Kent Dr, Arlington, TX 76010",https://www.zillow.com/homedetails/1609-Kent-Dr-Arlington-TX-76010/28923214_zpid/,4, House,2,"1,242",Feras Rachid,,"Opendoor Brokerage, Llc","This Arlington one-story home offers a patio, and granite countertops.  This home has been virtually staged to illustrate its potential.",staging
95,"$267,000","9231 Mimosa Mnr, San Antonio, TX 78245",https://www.zillow.com/homedetails/9231-Mimosa-Mnr-San-Antonio-TX-78245/89616910_zpid/,3, House,2,"2,156",Feras Rachid,210-899-2881,Opendoor Brokerage LLC,This San Antonio home has two stories. This home has been virtually staged to illustrate its potential.,staging
96,"$898,000","3436 Grimes Ranch Rd, Austin, TX 78732",https://www.zillow.com/homedetails/3436-Grimes-Ranch-Rd-Austin-TX-78732/29359882_zpid/,4,"<abbr class=""list",3,"2,979",Feras Rachid,,Opendoor Brokerage LLC,"This Austin two-story home offers an in-ground pool, a patio, and quartz countertops.  This home has been virtually staged to illustrate its potential.",staging
97,"$280,000","13750 Shirebrook Dr, Sugar Land, TX 77498",https://www.zillow.com/homedetails/13750-Shirebrook-Dr-Sugar-Land-TX-77498/27552182_zpid/,4, House,3,"1,710",Feras Rachid,855-327-9361,"Opendoor Brokerage, LLC",This Sugar Land two-story home offers a two-car garage. This home has been virtually staged to illustrate its potential.,staging
98,"$435,000","16018 Snowny Hills Dr, Cypress, TX 77429",https://www.zillow.com/homedetails/16018-Snowny-Hills-Dr-Cypress-TX-77429/70309239_zpid/,4, House,4,"3,113",Feras Rachid,855-327-9361,"Opendoor Brokerage, LLC","This charming 4 bedroom, 4 bathroom, 2 car garage home is now on the market! The kitchen is equipped with updated countertops, tile backsplash, ample cabinets, a breakfast bar, and breakfast nook. Enter to discover an appealing interior with a fireplace, laminate floors throughout, plenty of natural light, and neutral palette. Relax with your favorite drink in the fenced in backyard with lush grass, and great potential for adding personal touches. Don't miss this incredible opportunity. Call today!    This home has been virtually staged to illustrate its potential.",staging
99,"$300,000","10803 Gold Finch Rd, Baytown, TX 77523",https://www.zillow.com/homedetails/10803-Gold-Finch-Rd-Baytown-TX-77523/72453182_zpid/,4, House,3,"2,310",Feras Rachid,855-327-9361,"Opendoor Brokerage, LLC","This Baytown two-story home offers a patio, and a two-car garage.    This home has been virtually staged to illustrate its potential.",staging
100,"$525,000","3320 Douglas Ave, Dallas, TX 75219",https://www.zillow.com/homedetails/3320-Douglas-Ave-Dallas-TX-75219/2145824560_zpid/,3, Townhouse,3,"2,537",Feras Rachid,,"Opendoor Brokerage, Llc","This Dallas three-story home offers granite countertops, and a two-car garage. This home has been virtually staged to illustrate its potential.",staging
101,"$239,000","150 Lively Dr, San Antonio, TX 78213",https://www.zillow.com/homedetails/150-Lively-Dr-San-Antonio-TX-78213/26281120_zpid/,3, House,2,"1,318",Feras Rachid,210-899-2881,Opendoor Brokerage LLC,"This San Antonio one-story home offers granite countertops, and a two-car garage. This home has been virtually staged to illustrate its potential.",staging
102,"$270,000","204 Fleetwood Cir, League City, TX 77573",https://www.zillow.com/homedetails/204-Fleetwood-Cir-League-City-TX-77573/27686506_zpid/,3, House,2,"1,717",Feras Rachid,855-327-9361,"Opendoor Brokerage, LLC",This League City one-story home offers a two-car garage.  This home has been virtually staged to illustrate its potential.,staging
103,"$271,000","1429 Natchez Trce, Mesquite, TX 75149",https://www.zillow.com/homedetails/1429-Natchez-Trce-Mesquite-TX-75149/27140185_zpid/,2, House,2,"1,262",Feras Rachid,,"Opendoor Brokerage, Llc","This Mesquite one-story home offers a patio, granite countertops, and a one-car garage. This home has been virtually staged to illustrate its potential.",staging
104,"$280,000","538 Belwin Dr, Katy, TX 77450",https://www.zillow.com/homedetails/538-Belwin-Dr-Katy-TX-77450/28282120_zpid/,3, House,2,"1,866",Feras Rachid,855-327-9361,"Opendoor Brokerage, LLC","This Katy one-story home offers a patio, and a two-car garage. This home has been virtually staged to illustrate its potential.",staging
105,"$246,000","10931 W Bellfort Ave, Houston, TX 77099",https://www.zillow.com/homedetails/10931-W-Bellfort-Ave-Houston-TX-77099/2067727919_zpid/,4, House,2,"2,104",Feras Rachid,855-327-9361,"Opendoor Brokerage, LLC","This Houston one-story home offers a patio, granite countertops, and a two-car garage.    This home has been virtually staged to illustrate its potential.",staging
106,"$2,159,000","3507 McFarlin Blvd, University Park, TX 75205",https://www.zillow.com/homedetails/3507-McFarlin-Blvd-University-Park-TX-75205/27210775_zpid/,5, House,6,"6,499",Shelly Hammer,,Dave Perry Miller Real Estate,"Remodeled & Staged to Perfection! Coveted location in University Park near SMU! Spacious LR, DR & family room which offer great open space for entertaining. Chef's kitchen features SS Wolf, Thermador & Sub-Zero appliances, Quartz Carrera countertops. Upstairs are 2 primary suites w-sitting areas, vaulted ceiling. One bath w-dual sinks & shower heads, jetted tub & 2 large closets. Two other bedrms w-sep baths & library complete the upstairs. The 5th bedrm & bath is located downstairs. Other amenities include - room for an elevator, wet bar, abundant storage, natural light, hardwoods, cedar closet, rear 4 car garage w-extra parking, motor court or grass, 2 side yards - 1 paved & the other turfed for dog run.",staging
107,"$241,000","7610 Church Oak St, Live Oak, TX 78233",https://www.zillow.com/homedetails/7610-Church-Oak-St-Live-Oak-TX-78233/26175312_zpid/,3, House,2,"1,316",Feras Rachid,210-899-2881,Opendoor Brokerage LLC,This Live Oak one-story cul-de-sac home offers a two-car garage. This home has been virtually staged to illustrate its potential.,staging
108,"$305,000","310 Meadowcreek Dr, Duncanville, TX 75137",https://www.zillow.com/homedetails/310-Meadowcreek-Dr-Duncanville-TX-75137/26993146_zpid/,3, House,2,"2,283",Feras Rachid,,"Opendoor Brokerage, Llc","This Duncanville one-story home offers granite countertops, and a one-car garage.    This home has been virtually staged to illustrate its potential.",staging
109,"$528,000","1217 Tralee Ln, Garland, TX 75044",https://www.zillow.com/homedetails/1217-Tralee-Ln-Garland-TX-75044/27009635_zpid/,5, House,2,"3,795",Feras Rachid,,"Opendoor Brokerage, Llc","This Garland two-story home offers granite countertops, and a two-car garage.    This home has been virtually staged to show its potential.",staging
110,"$280,000","27 Drought Cros, San Antonio, TX 78240",https://www.zillow.com/homedetails/27-Drought-Cros-San-Antonio-TX-78240/2067404957_zpid/,4, House,2,"1,536",Feras Rachid,210-899-2881,Opendoor Brokerage LLC,"Fantastic 4 bedroom home in sought after San Antonio location. The kitchen boasts generous counter space and a breakfast bar, making cooking and entertaining a delight. Enter to discover an appealing interior with tile floors throughout, plenty of natural light, and neutral palette. Relax in your primary suite, complete with a walk-in closet, and an en suite bathroom. Lush green landscape surrounds this beautiful house. Call today! This home has been virtually staged to illustrate its potential.",staging
111,"$255,000","2310 W Bend Dr, Stafford, TX 77477",https://www.zillow.com/homedetails/2310-W-Bend-Dr-Stafford-TX-77477/27624283_zpid/,3, House,2,"1,710",Feras Rachid,855-327-9361,"Opendoor Brokerage, LLC",This Stafford home has 1 story.    This home has been virtually staged to illustrate its potential.,staging
112,"$362,000","8707 Golden Vw, Windcrest, TX 78239",https://www.zillow.com/homedetails/8707-Golden-Vw-Windcrest-TX-78239/26198958_zpid/,4, House,3,"2,359",Feras Rachid,210-899-2881,Opendoor Brokerage LLC,"This Windcrest one-story cul-de-sac home offers a patio, granite countertops, and a two-car garage. This home has been virtually staged to illustrate its potential.",staging
113,"$190,000","6117 Silvery Moon Dr, Dallas, TX 75241",https://www.zillow.com/homedetails/6117-Silvery-Moon-Dr-Dallas-TX-75241/26823692_zpid/,3, House,2,"1,043",Feras Rachid,,"Opendoor Brokerage, Llc","This Dallas one-story home offers granite countertops, and a one-car garage. This home has been virtually staged to illustrate its potential.",staging
114,"$325,000","3509 Hastings Dr, Arlington, TX 76013",https://www.zillow.com/homedetails/3509-Hastings-Dr-Arlington-TX-76013/29162943_zpid/,3, House,2,"1,560",Feras Rachid,,"Opendoor Brokerage, Llc","This charming 3 bedroom, 2 bathroom, 2 car garage home is now on the market! Youâ€™ll enjoy preparing meals in the gorgeous kitchen with sleek counters, tiled backsplash, included appliances, and beautiful spacious cabinetry. Flow into the living room featuring a cozy fireplace, perfect for entertaining. Relax in your primary suite, complete with a walk-in closet, and an en-suite bathroom. Relax with your favorite drink in the fenced in backyard with a patio, lush grass, and great potential for adding personal touches. Don't miss this incredible opportunity. Call today!    This home has been virtually staged to illustrate its potential.",staging
115,"$389,000","6104 N Ridge Rd, Fort Worth, TX 76135",https://www.zillow.com/homedetails/6104-N-Ridge-Rd-Fort-Worth-TX-76135/63414424_zpid/,4, House,2,"2,718",Feras Rachid,,"Opendoor Brokerage, Llc",This Fort Worth two-story home offers a patio.  This home has been virtually staged to illustrate its potential.,staging
116,"$330,000","22234 Goldcrest Run, San Antonio, TX 78260",https://www.zillow.com/homedetails/22234-Goldcrest-Run-San-Antonio-TX-78260/58250725_zpid/,3, House,2,"1,526",Feras Rachid,210-899-2881,Opendoor Brokerage LLC,"Welcome to this gorgeous neighborhood! Terrific 3 bedroom and 2.5 bath home with a 2 car garage. The kitchen boasts generous counter space and a breakfast bar, making cooking and entertaining a delight. Flow into the living room featuring a cozy fireplace, perfect for entertaining. The main bedroom boasts a private ensuite and walk-in closet. Other bedrooms offer plush carpet, ceiling fans, and sizable closets. Relax with your favorite drink in the fenced in backyard with a patio, lush grass, and great potential for adding personal touches. Don't wait! Make this beautiful home yours today. This home has been virtually staged to illustrate its potential.",staging
117,"$295,000","7747 Sandia Blf, San Antonio, TX 78240",https://www.zillow.com/homedetails/7747-Sandia-Blf-San-Antonio-TX-78240/26470518_zpid/,3, House,2,"2,162",Feras Rachid,210-899-2881,Opendoor Brokerage LLC,This home has been virtually staged to illustrate its potential.,staging
118,"$364,000","11710 Primwood Dr, Houston, TX 77070",https://www.zillow.com/homedetails/11710-Primwood-Dr-Houston-TX-77070/28190064_zpid/,4, House,3,"2,711",Feras Rachid,855-327-9361,"Opendoor Brokerage, LLC","This Houston two-story home offers an in-ground pool, granite countertops, and a two-car garage.    This home has been virtually staged to illustrate its potential",staging
119,"$251,000","16014 Pin Oak Ridge St, Houston, TX 77073",https://www.zillow.com/homedetails/16014-Pin-Oak-Ridge-St-Houston-TX-77073/62598439_zpid/,3, House,2,"1,489",Feras Rachid,855-327-9361,"Opendoor Brokerage, LLC",This Houston one-story home offers a two-car garage. This home has been virtually staged to illustrate its potential.,staging
120,"$315,000","18107 Partridge Green Ct, Houston, TX 77084",https://www.zillow.com/homedetails/18107-Partridge-Green-Ct-Houston-TX-77084/28244005_zpid/,4, House,2,"2,558",Feras Rachid,855-327-9361,"Opendoor Brokerage, LLC",This Houston two-story cul-de-sac home offers a two-car garage.  This home has been virtually staged to illustrate its potential.,staging
121,"$300,000","8120 Broken Arrow Rd, Fort Worth, TX 76137",https://www.zillow.com/homedetails/8120-Broken-Arrow-Rd-Fort-Worth-TX-76137/29292463_zpid/,3, House,2,"1,441",Feras Rachid,,"Opendoor Brokerage, Llc","This Fort Worth one-story home offers granite countertops, and a two-car garage.  This home has been virtually staged to illustrate its potential.",staging
122,"$399,900","8828 Claiborn St, Lakeside, TX 76135",https://www.zillow.com/homedetails/8828-Claiborn-St-Lakeside-TX-76135/29166443_zpid/,3, House,3,"2,700",Lisa-Marie Mcgaughey,,Mcg Homestead Rentals & Sales,"3 bedrooms, 2.5 bathrooms, and a HUGE loft area that would make a fantastic game room!  Solar Panels ,buyers are to assume payments.  One block away from the lake!  Kitchen will include all stainless steel appliances, including a 6 burner gas stove! Faucet has a 3 stage water filter system.  Half bathroom is located in the spacious laundry room.  Smart thermostat included, as well as a 55 inch flat screen TV to remain!  Master bathroom has 2 closets and a linen closet.  Updated in 2014 to include new plumbing, electrical, HVAC, roofing, garage, and more!",staging
123,"$260,000","11415 Marrs Dr, Houston, TX 77065",https://www.zillow.com/homedetails/11415-Marrs-Dr-Houston-TX-77065/28177048_zpid/,3, House,2,"1,328",Feras Rachid,855-327-9361,"Opendoor Brokerage, LLC","This Houston one-story home offers a patio, and a two-car garage. This home has been virtually staged to illustrate its potential.",staging
124,"$394,000","4526 Briarbend Dr, Houston, TX 77035",https://www.zillow.com/homedetails/4526-Briarbend-Dr-Houston-TX-77035/27997980_zpid/,3, House,2,"2,253",Feras Rachid,855-327-9361,"Opendoor Brokerage, LLC",This Houston one-story home offers granite countertops.    This home has been virtually staged to illustrate its potential.,staging
125,"$312,000","13922 Floral Ridge Dr, San Antonio, TX 78247",https://www.zillow.com/homedetails/13922-Floral-Ridge-Dr-San-Antonio-TX-78247/26379368_zpid/,4, House,2,"1,690",Feras Rachid,210-899-2881,Opendoor Brokerage LLC,"This San Antonio one-story home offers a patio, granite countertops, and a two-car garage. This home has been virtually staged to illustrate its potential.",staging
126,"$275,000","507 Marshalldell Ave, Dallas, TX 75211",https://www.zillow.com/homedetails/507-Marshalldell-Ave-Dallas-TX-75211/26719901_zpid/,2, House,1,"1,440",Feras Rachid,,"Opendoor Brokerage, Llc","This charming 2 bedroom, 1 bathroom home is now on the market!   Lush green landscape surrounds this beautiful house.  Don't wait! Make this beautiful home yours today!  This home has been virtually staged to illustrate its potential.",staging
127,"$264,000","8311 Arrowhead Ln, Houston, TX 77075",https://www.zillow.com/homedetails/8311-Arrowhead-Ln-Houston-TX-77075/55474486_zpid/,3, House,2,"1,559",Feras Rachid,855-327-9361,"Opendoor Brokerage, LLC",This Houston one-story home offers a two-car garage.  This home has been virtually staged to illustrate its potential.,staging
128,"$567,000","11017 Scotsmeadow Dr, Dallas, TX 75218",https://www.zillow.com/homedetails/11017-Scotsmeadow-Dr-Dallas-TX-75218/26858905_zpid/,3, House,3,"2,146",Feras Rachid,,"Opendoor Brokerage, Llc","This Dallas two-story home offers granite countertops, and a two-car garage. This home has been virtually staged to illustrate its potential.",staging
129,"$405,000","5515 Braesvalley Dr, Houston, TX 77096",https://www.zillow.com/homedetails/5515-Braesvalley-Dr-Houston-TX-77096/28079212_zpid/,4, House,3,"2,136",Feras Rachid,855-327-9361,"Opendoor Brokerage, LLC","This Houston one-story home offers a patio, granite countertops, and a two-car garage. This home has been virtually staged to illustrate its potential.",staging
130,"$407,000","806 Napier Dr, Richardson, TX 75081",https://www.zillow.com/homedetails/806-Napier-Dr-Richardson-TX-75081/27175011_zpid/,3, House,2,"1,947",Feras Rachid,,"Opendoor Brokerage, Llc","This Richardson one-story home offers a patio, granite countertops, and a two-car garage. This home has been virtually staged to illustrate its potential.",staging
131,"$430,000","13018 Gordons Mott, San Antonio, TX 78253",https://www.zillow.com/homedetails/13018-Gordons-Mott-San-Antonio-TX-78253/83894440_zpid/,4, House,2,"3,092",Feras Rachid,210-899-2881,Opendoor Brokerage LLC,"This San Antonio two-story home offers a patio, granite countertops, and a three-car garage. This home has been virtually staged to illustrate its potential.",staging
132,"$280,000","7926 Indian Desert Dr, Cypress, TX 77433",https://www.zillow.com/homedetails/7926-Indian-Desert-Dr-Cypress-TX-77433/80570202_zpid/,3, House,3,"2,163",Feras Rachid,855-327-9361,"Opendoor Brokerage, LLC",This Cypress two-story home offers a two-car garage.    This home has been virtually staged to illustrate its potential.,staging
133,"$300,000","13410 Ryan Landing Dr, Houston, TX 77065",https://www.zillow.com/homedetails/13410-Ryan-Landing-Dr-Houston-TX-77065/28507936_zpid/,4, House,2,"2,240",Feras Rachid,855-327-9361,"Opendoor Brokerage, LLC","Welcome to this gorgeous neighborhood! Terrific 4 bedroom and 2 bath home with a 2 car garage. Enjoy cooking in this stylish kitchen with stainless appliances and a center island, great for food preparation. Flow into the living room featuring a cozy fireplace, perfect for entertaining. The main bedroom boasts a private ensuite and walk-in closet. Other bedrooms offer plush carpet, and sizable closets. Relax with your favorite drink in the fenced in backyard with a patio, lush grass, and great potential for adding personal touches. Don't miss this incredible opportunity. Call today! This home has been virtually staged to illustrate its potential.",staging
134,"$305,000","1413 Andante Dr, Fort Worth, TX 76134",https://www.zillow.com/homedetails/1413-Andante-Dr-Fort-Worth-TX-76134/28945986_zpid/,4, House,3,"2,171",Feras Rachid,,"Opendoor Brokerage, Llc",This Fort Worth one-story home offers a two-car garage. This home has been virtually staged to illustrate its potential.,staging
135,"$415,000","911 N Montclair Ave, Dallas, TX 75208",https://www.zillow.com/homedetails/911-N-Montclair-Ave-Dallas-TX-75208/26728567_zpid/,2, House,3,"1,229",Feras Rachid,,"Opendoor Brokerage, Llc","This Dallas one-story home offers granite countertops, and a one-car garage. This home has been virtually staged to illustrate its potential.",staging
136,"$297,000","9614 Bundy Ln, Houston, TX 77080",https://www.zillow.com/homedetails/9614-Bundy-Ln-Houston-TX-77080/28038269_zpid/,4, House,3,"1,644",Feras Rachid,855-327-9361,"Opendoor Brokerage, LLC","This charming 4 bedroom, 2.5 bathroom home is now on the market! The impeccable kitchen has beautiful updated counters and included appliances. Discover a bright interior w/ laminate and tile floors. Relax with your favorite drink in the fenced in backyard with a patio, lush grass, and great potential for adding personal touches. Call today!    This home has been virtually staged to illustrate its potential.",staging
137,"$7,100,000","5410 W Fm 2147, Horseshoe Bay, TX 78657",https://www.zillow.com/homedetails/5410-W-Fm-2147-Horseshoe-Bay-TX-78657/224816108_zpid/,7,"<abbr class=""list",8,"9,273",Jarrett Bates,,Keller Williams - Lake Travis,"Jonathan Cove, Horseshoe Bay Resort estate on 351 feet of pristine Lake LBJ waterfront. Stunning panoramic views of Island and Lighthouse Drives to the northwest and The Peninsula to the northeast can be seen across vast expanses of water. This could be the best viewing location for the annual Horseshoe Bay 4th of July fireworks extravaganza which is staged at the end of Lighthouse Dr.  Surrounded by many luxury homes, this one-of-a-kind lakefront treasure has 7 bedrooms, 6 full baths, 2 half baths, 2 kitchens, multiple living and dining areas, media room, work-out room, and office. Glass walls that disappear into the wall from the main living and game room areas allow combining the outdoor living with the indoor. The breathtaking views across the infinity pool and out into Lake LBJ are exceptional. This one-of-a-kind property is offered furnished with exceptions and includes a Tige 22' surf/wake/ski boat, 2  Yamaha Wave Runners, kayaks, and a generous assortment of water skis, wake boards, surf boards, and life jackets.",staging
138,"$290,000","16723 Frigate Dr, Friendswood, TX 77546",https://www.zillow.com/homedetails/16723-Frigate-Dr-Friendswood-TX-77546/28392220_zpid/,4, House,2,"1,864",Feras Rachid,855-327-9361,"Opendoor Brokerage, LLC","This Friendswood one-story home offers granite countertops, and a two-car garage.  This home has been virtually staged to illustrate its potential.",staging
139,"$233,000","5911 Cliffmore Dr, San Antonio, TX 78250",https://www.zillow.com/homedetails/5911-Cliffmore-Dr-San-Antonio-TX-78250/26452765_zpid/,3, House,2,"1,079",Feras Rachid,210-899-2881,Opendoor Brokerage LLC,This home has been virtually staged to illustrate its potential.,staging
140,"$330,000","12859 Westmere Dr, Houston, TX 77077",https://www.zillow.com/homedetails/12859-Westmere-Dr-Houston-TX-77077/28139249_zpid/,4, House,2,"1,857",Feras Rachid,855-327-9361,"Opendoor Brokerage, LLC","Welcome Home!  This Ashford West single story remodel features 4 beds, 2 baths, and a 2 car garage.  Walk into a spacious family room with a wood burning fireplace and new laminate flooring that covers the entire main living area of the home.  The upgraded kitchen features quartz countertops, painted cabinets, and stainless steel appliances w/ a gas range.  The baths have also been updated.  The master bath has a beautiful subway tile surround shower with glass enclosure and updated vanity.  Home is conveniently located near Memorial and the Energy Corridor.  Donâ€™t miss out on this one!    This home has been virtually staged to illustrate its potential.",staging
141,"$222,000","5630 Golden Grove Dr, Spring, TX 77373",https://www.zillow.com/homedetails/5630-Golden-Grove-Dr-Spring-TX-77373/28378084_zpid/,3, House,2,"1,485",Feras Rachid,855-327-9361,"Opendoor Brokerage, LLC","This Spring one-story cul-de-sac home offers granite countertops, and a two-car garage.    This home has been virtually staged to illustrate its potential.",staging
142,"$250,000","11706 Strand St, Dallas, TX 75218",https://www.zillow.com/homedetails/11706-Strand-St-Dallas-TX-75218/26811959_zpid/,3, House,1,"1,150",Feras Rachid,,"Opendoor Brokerage, Llc","Welcome to this gorgeous neighborhood! Terrific 3 bedroom and 1 bath home with a 1 car garage. Fully equipped eat-in kitchen includes updated counters, stylish tile back-splash, white cabinets, and breakfast bar. Lighting, ceiling fans, and fixtures throughout. Lush green landscape surrounds this beautiful house. Call today!  This home has been virtually staged to illustrate its potential.",staging
143,"$365,000","5621 Guadalajara Dr, North Richland Hills, TX 76180",https://www.zillow.com/homedetails/5621-Guadalajara-Dr-North-Richland-Hills-TX-76180/29196135_zpid/,4, House,2,"2,434",Feras Rachid,,"Opendoor Brokerage, Llc",This North Richland Hills two-story home offers a three-car garage.      This home has been virtually staged to show its potential.,staging
144,"$434,000","10626 Royal Chapel Dr, Dallas, TX 75229",https://www.zillow.com/homedetails/10626-Royal-Chapel-Dr-Dallas-TX-75229/26807930_zpid/,4, House,3,"2,322",Feras Rachid,,"Opendoor Brokerage, Llc","This charming 4 bedroom, 3.5 bathroom home is now on the market! The main bedroom boasts a private ensuite. Other bedrooms offer plush carpet and sizable closets.  Lush green landscape surrounds this beautiful house.  Don't miss this incredible opportunity. Call today!  This home has been virtually staged to illustrate its potential.",staging
145,"$355,000","623 Deer Hollow Dr, Sugar Land, TX 77479",https://www.zillow.com/homedetails/623-Deer-Hollow-Dr-Sugar-Land-TX-77479/50210057_zpid/,4, House,3,"2,451",Feras Rachid,855-327-9361,"Opendoor Brokerage, LLC","This charming 4 bedroom, 2.5 bathroom home is now on the market! The kitchen is equipped with updated countertops, ample cabinets, and breakfast nook. Enter to discover an appealing interior with a fireplace, laminate floors throughout, plenty of natural light, and neutral palette. Relax in your primary suite, complete with a walk-in closet, and an en suite bathroom with double sinks. Relax with your favorite drink in the fenced in backyard with a patio, lush grass, and great potential for adding personal touches. Don't miss this incredible opportunity. Call today!    This home has been virtually staged to illustrate its potential.",staging
146,"$448,000","820 W 8th St, Dallas, TX 75208",https://www.zillow.com/homedetails/820-W-8th-St-Dallas-TX-75208/26709441_zpid/,3, House,3,"1,646",Feras Rachid,,"Opendoor Brokerage, Llc","This Dallas two-story home offers granite countertops, and a two-car garage.    This home has been virtually staged to show its potential.",staging
147,"$283,000","227 Fichter St, Houston, TX 77022",https://www.zillow.com/homedetails/227-Fichter-St-Houston-TX-77022/27894816_zpid/,4, House,2,"2,224",Feras Rachid,855-327-9361,"Opendoor Brokerage, LLC","This charming 4 bedroom, 1.5 bathroom home is now on the market!  Lush green landscape surrounds this beautiful house. Don't wait! Make this beautiful home yours today.    This home has been virtually staged to illustrate its potential.",staging
148,"$560,000","2203 Harwick Dr, Austin, TX 78745",https://www.zillow.com/homedetails/2203-Harwick-Dr-Austin-TX-78745/29485326_zpid/,3,"<abbr class=""list",2,"1,312",Feras Rachid,,Opendoor Brokerage LLC,This Austin one-story home offers a two-car garage.  This home has been virtually staged to illustrate its potential.,staging
149,"$2,495,000","1920 S Chilton Ave, Tyler, TX 75701",https://www.zillow.com/homedetails/1920-S-Chilton-Ave-Tyler-TX-75701/52305016_zpid/,5, House,7,"6,235",Shauna Bright,,Dwell Realty,"This 6235 sq ft Santa Barbara style home was designed by prominent architect Shirley Simons Sr. and consist of 5 bdrms, 5 full baths, 2 half, 3 separate courtyards, outdoor fireplace, pool and grotto with amethyst fountain that sets the stage for the ultimate indoor outdoor entertaining. The interior appointments consist of Sheryl Wagner and PE Guerin hardware and plumbing fixtures, Ann Saks limestone, marble floors and beautiful French Brown hand scraped wood floors. The Chefs kitchen is complete with high end appliances, custom cabinets, French brown ceramic tile mural. This home is a perfect combination of classic Tyler elegance that possess all of the modern amenities ideal for todays Modern lifestyles.",staging
150,"$255,000","418 Baywood St, Shoreacres, TX 77571",https://www.zillow.com/homedetails/418-Baywood-St-Shoreacres-TX-77571/27832322_zpid/,3, House,2,"1,946",Feras Rachid,855-327-9361,"Opendoor Brokerage, LLC","This La Porte one-story home offers a patio, and a two-car garage. This home has been virtually staged to illustrate its potential.",staging
151,"$442,000","4501 Ridgepointe Dr, The Colony, TX 75056",https://www.zillow.com/homedetails/4501-Ridgepointe-Dr-The-Colony-TX-75056/27304469_zpid/,4, House,2,"2,129",Feras Rachid,,"Opendoor Brokerage, Llc",This The Colony one-story home offers a two-car garage.  This home has been virtually staged to illustrate its potential.,staging
152,"$207,000","237 Archimedes Dr, San Antonio, TX 78223",https://www.zillow.com/homedetails/237-Archimedes-Dr-San-Antonio-TX-78223/26264697_zpid/,3, House,2,"1,053",Feras Rachid,210-899-2881,Opendoor Brokerage LLC,This San Antonio one-story home offers a patio. This home has been virtually staged to illustrate its potential.,staging
153,"$481,000","3547 Woodleigh Ct, Dallas, TX 75229",https://www.zillow.com/homedetails/3547-Woodleigh-Ct-Dallas-TX-75229/26807164_zpid/,3, House,2,"1,619",Feras Rachid,,"Opendoor Brokerage, Llc","This charming 3 bedroom, 2 bathroom home is now on the market!  The impeccable kitchen has beautiful updated counters and stainless steel appliances.  The main bedroom boasts a private ensuite with dual sinks.  Lush green landscape surrounds this beautiful house.  Don't wait! Make this beautiful home yours today.  This home has been virtually staged to illustrate its potential.",staging
154,"$357,000","12135 Olympia Dr, Houston, TX 77077",https://www.zillow.com/homedetails/12135-Olympia-Dr-Houston-TX-77077/28297638_zpid/,4, House,2,"2,289",Feras Rachid,855-327-9361,"Opendoor Brokerage, LLC","This Houston one-story home offers granite countertops, and a two-car garage. This home has been virtually staged to illustrate its potential.",staging
155,"$307,000","18710 Dempsey Oaks Dr, Humble, TX 77346",https://www.zillow.com/homedetails/18710-Dempsey-Oaks-Dr-Humble-TX-77346/28523845_zpid/,3, House,2,"2,152",Feras Rachid,855-327-9361,"Opendoor Brokerage, LLC","This Humble one-story home offers a patio, granite countertops, and a two-car garage. This home has been virtually staged to illustrate its potential.",staging
156,"$367,000","1376 Portsmouth Dr, Providence Village, TX 76227",https://www.zillow.com/homedetails/1376-Portsmouth-Dr-Providence-Village-TX-76227/89464028_zpid/,4, House,2,"2,010",Feras Rachid,,"Opendoor Brokerage, Llc","This charming 4 bedroom, 2 bathroom home is now on the market!  Lush green landscape surrounds this beautiful house.  Hurry, this wonâ€™t last long!    This home has been virtually staged to illustrate its potential.",staging
157,"$563,000","722 Meadowlark Dr, Murphy, TX 75094",https://www.zillow.com/homedetails/722-Meadowlark-Dr-Murphy-TX-75094/80068829_zpid/,4, House,3,"3,130",Feras Rachid,,"Opendoor Brokerage, Llc","This Murphy one-story home offers a patio, granite countertops, and a three-car garage.    This home has been virtually staged to illustrate its potential.",staging
158,"$415,000","2941 Tangleglen Dr, Rockwall, TX 75032",https://www.zillow.com/homedetails/2941-Tangleglen-Dr-Rockwall-TX-75032/60209239_zpid/,4, House,3,"2,613",Feras Rachid,,"Opendoor Brokerage, Llc","Fantastic 4 bedroom home in a sought after Rockwall location. Discover a bright interior with neutral tile floors and plush carpet in all the right places. Lighting, ceiling fans, and fixtures throughout. Entertaining is a breeze with this great floor plan complete with cozy fireplace. The main bedroom boasts a private ensuite with dual sinks. Other bedrooms offer plush carpet, ceiling fans, and sizable closets. Relax with your favorite drink in the fenced in backyard with a patio, lush grass, and great potential for adding personal touches. Don't miss this incredible opportunity. Call today! This home has been virtually staged to illustrate its potential.",staging
159,"$503,000","2803 Vermont Ct, Arlington, TX 76001",https://www.zillow.com/homedetails/2803-Vermont-Ct-Arlington-TX-76001/29242650_zpid/,4, House,4,"3,352",Feras Rachid,,"Opendoor Brokerage, Llc","This Arlington two-story cul-de-sac home offers an in-ground pool, granite countertops, and a two-car garage. Home utilities may be turned off due to weather conditions. This home has been virtually staged to illustrate its potential. BOM after pool work completion.",staging
160,"$140,000","7700 Creekbend Dr APT 46, Houston, TX 77071",https://www.zillow.com/homedetails/7700-Creekbend-Dr-APT-46-Houston-TX-77071/28234768_zpid/,2, Townhouse,3,"1,360",Feras Rachid,855-327-9361,"Opendoor Brokerage, LLC",This Houston home has two stories.    This home has been virtually staged to illustrate its potential.,staging
161,"$282,000","4814 Emerald Bay Cir, Baytown, TX 77523",https://www.zillow.com/homedetails/4814-Emerald-Bay-Cir-Baytown-TX-77523/87774625_zpid/,4, House,2,"1,666",Feras Rachid,855-327-9361,"Opendoor Brokerage, LLC","This Baytown one-story home offers granite countertops, and a two-car garage. This home has been virtually staged to illustrate its potential.",staging
162,"$333,000","6928 Wooddale Dr, Watauga, TX 76148",https://www.zillow.com/homedetails/6928-Wooddale-Dr-Watauga-TX-76148/29241910_zpid/,3, House,2,"1,696",Feras Rachid,,"Opendoor Brokerage, Llc","Welcome to this gorgeous neighborhood! Terrific 3 bedroom and 2 bath home with a 2 car garage. Youâ€™ll enjoy preparing meals in the gorgeous kitchen with sleek counters, tiled backsplash, stainless appliances, and beautiful spacious cabinetry. Picture evenings by the fireplace and mornings having coffee out on the covered patio in the backyard. The main bedroom boasts a private ensuite and walk-in closet. Other bedrooms offer plush carpet, and sizable closets. Relax with your favorite drink in the fenced in backyard with a patio, lush grass, and great potential for adding personal touches. Don't miss this incredible opportunity. Call today! This home has been virtually staged to illustrate its potential.",staging
163,"$535,000","2111 Clark St APT B, Dallas, TX 75204",https://www.zillow.com/homedetails/2111-Clark-St-APT-B-Dallas-TX-75204/67961719_zpid/,2, Townhouse,2,"2,100",Feras Rachid,,"Opendoor Brokerage, Llc","This Dallas three-story home offers a patio, granite countertops, and a two-car garage.    This home has been virtually staged to show its potential.",staging
164,"$350,000","4613 Elderberry Dr, Garland, TX 75043",https://www.zillow.com/homedetails/4613-Elderberry-Dr-Garland-TX-75043/27007037_zpid/,3, House,3,"1,940",Feras Rachid,,"Opendoor Brokerage, Llc","This Garland one-story home offers a patio, granite countertops, and a two-car garage.  This home has been virtually staged to illustrate its potential.",staging
165,"$203,000","2039 Lamar St, San Antonio, TX 78202",https://www.zillow.com/homedetails/2039-Lamar-St-San-Antonio-TX-78202/26259902_zpid/,3, House,1,"1,168",Feras Rachid,210-899-2881,Opendoor Brokerage LLC,This San Antonio home has one story. This home has been virtually staged to illustrate its potential.,staging
166,"$225,000","1434 Red Bud Ln, Garland, TX 75042",https://www.zillow.com/homedetails/1434-Red-Bud-Ln-Garland-TX-75042/27018227_zpid/,2, House,1,"1,106",Feras Rachid,,"Opendoor Brokerage, Llc","This Garland one-story home offers a patio, and a one-car garage. This home has been virtually staged to illustrate its potential.",staging
167,"$325,000","1408 Navaho St, Arlington, TX 76012",https://www.zillow.com/homedetails/1408-Navaho-St-Arlington-TX-76012/29012387_zpid/,3, House,2,"2,165",Feras Rachid,,"Opendoor Brokerage, Llc","This Arlington one-story home offers granite countertops, and a two-car garage.    This home has been virtually staged to illustrate its potential.",staging
168,"$226,000","3933 Woodlane Ave, Haltom City, TX 76117",https://www.zillow.com/homedetails/3933-Woodlane-Ave-Haltom-City-TX-76117/29014592_zpid/,3, House,1,"1,112",Feras Rachid,,"Opendoor Brokerage, Llc","This Haltom City one-story home offers a patio, granite countertops, and a one-car garage.  This home has been virtually staged to illustrate its potential.",staging
169,"$377,000","11335 McCree Rd, Dallas, TX 75238",https://www.zillow.com/homedetails/11335-McCree-Rd-Dallas-TX-75238/26851381_zpid/,3, House,2,"1,980",Feras Rachid,,"Opendoor Brokerage, Llc","This Dallas one-story home offers a patio, and a two-car garage.      This home has been virtually staged to show its potential.",staging
170,"$227,000","3727 Barnabus Dr, Dallas, TX 75241",https://www.zillow.com/homedetails/3727-Barnabus-Dr-Dallas-TX-75241/26821364_zpid/,3, House,1,"1,210",Feras Rachid,,"Opendoor Brokerage, Llc","This Dallas one-story home offers a patio, and granite countertops. This home has been virtually staged to illustrate its potential.",staging
